No,Tanggal,Pasar Rongtengah,Pasar Srimangunan,Rata-rata
1,1/1/2022,"Rp10,000","Rp9,000","Rp9,500"
2,1/2/2022,"Rp10,000","Rp9,000","Rp9,500"
3,1/3/2022,"Rp10,000","Rp9,000","Rp9,500"
4,1/4/2022,"Rp10,000","Rp9,000","Rp9,500"
5,1/5/2022,"Rp10,000","Rp8,000","Rp9,000"
6,1/6/2022,"Rp10,000","Rp8,000","Rp9,000"
7,1/7/2022,"Rp10,000","Rp8,000","Rp9,000"
8,1/8/2022,"Rp10,000","Rp8,000","Rp9,000"
9,1/9/2022,"Rp10,000","Rp8,000","Rp9,000"
10,1/10/2022,"Rp10,000","Rp8,000","Rp9,000"
11,1/11/2022,"Rp10,000","Rp8,000","Rp9,000"
12,1/12/2022,"Rp10,000","Rp8,000","Rp9,000"
13,1/13/2022,"Rp10,000","Rp8,000","Rp9,000"
14,1/14/2022,"Rp10,000","Rp8,000","Rp9,000"
15,1/15/2022,"Rp10,000","Rp8,000","Rp9,000"
16,1/16/2022,"Rp10,000","Rp8,000","Rp9,000"
17,1/17/2022,"Rp10,000","Rp8,000","Rp9,000"
18,1/18/2022,"Rp10,000","Rp8,000","Rp9,000"
19,1/19/2022,"Rp10,000","Rp8,000","Rp9,000"
20,1/20/2022,"Rp10,000","Rp8,000","Rp9,000"
21,1/21/2022,"Rp10,000","Rp8,000","Rp9,000"
22,1/22/2022,"Rp10,000","Rp8,000","Rp9,000"
23,1/23/2022,"Rp10,000","Rp8,000","Rp9,000"
24,1/24/2022,"Rp10,000","Rp8,000","Rp9,000"
25,1/25/2022,"Rp10,000","Rp8,000","Rp9,000"
26,1/26/2022,"Rp10,000","Rp8,000","Rp9,000"
27,1/27/2022,"Rp10,000","Rp8,000","Rp9,000"
28,1/28/2022,"Rp10,000","Rp8,000","Rp9,000"
29,1/29/2022,"Rp10,000","Rp8,000","Rp9,000"
30,1/30/2022,"Rp10,000","Rp8,000","Rp9,000"
31,1/31/2022,"Rp10,000","Rp8,000","Rp9,000"
32,2/1/2022,"Rp10,000","Rp8,000","Rp9,000"
33,2/2/2022,"Rp10,000","Rp8,000","Rp9,000"
34,2/3/2022,"Rp10,000","Rp8,000","Rp9,000"
35,2/4/2022,"Rp10,000","Rp8,000","Rp9,000"
36,2/5/2022,"Rp10,000","Rp8,000","Rp9,000"
37,2/6/2022,"Rp10,000","Rp8,000","Rp9,000"
38,2/7/2022,"Rp8,000","Rp8,000","Rp8,000"
39,2/8/2022,"Rp8,000","Rp8,000","Rp8,000"
40,2/9/2022,"Rp8,000","Rp8,000","Rp8,000"
41,2/10/2022,"Rp8,000","Rp8,000","Rp8,000"
42,2/11/2022,"Rp8,000","Rp8,000","Rp8,000"
43,2/12/2022,"Rp8,000","Rp8,000","Rp8,000"
44,2/13/2022,"Rp8,000","Rp8,000","Rp8,000"
45,2/14/2022,"Rp9,000","Rp8,500","Rp8,750"
46,2/15/2022,"Rp9,000","Rp8,500","Rp8,750"
47,2/16/2022,"Rp9,000","Rp8,500","Rp8,750"
48,2/17/2022,"Rp9,000","Rp8,500","Rp8,750"
49,2/18/2022,"Rp9,000","Rp8,500","Rp8,750"
50,2/19/2022,"Rp9,000","Rp8,500","Rp8,750"
51,2/20/2022,"Rp9,000","Rp8,500","Rp8,750"
52,2/21/2022,"Rp9,000","Rp8,500","Rp8,750"
53,2/22/2022,"Rp9,000","Rp8,500","Rp8,750"
54,2/23/2022,"Rp9,000","Rp8,500","Rp8,750"
55,2/24/2022,"Rp9,000","Rp8,500","Rp8,750"
56,2/25/2022,"Rp9,000","Rp8,500","Rp8,750"
57,2/26/2022,"Rp9,000","Rp8,500","Rp8,750"
58,2/27/2022,"Rp9,000","Rp8,500","Rp8,750"
59,2/28/2022,"Rp9,000","Rp8,500","Rp8,750"
60,3/1/2022,"Rp9,000","Rp8,500","Rp8,750"
61,3/2/2022,"Rp9,000","Rp8,500","Rp8,750"
62,3/3/2022,"Rp9,000","Rp8,500","Rp8,750"
63,3/4/2022,"Rp9,000","Rp8,500","Rp8,750"
64,3/5/2022,"Rp9,000","Rp8,500","Rp8,750"
65,3/6/2022,"Rp9,000","Rp8,500","Rp8,750"
66,3/7/2022,"Rp9,000","Rp8,500","Rp8,750"
67,3/8/2022,"Rp9,000","Rp8,500","Rp8,750"
68,3/9/2022,"Rp9,000","Rp8,500","Rp8,750"
69,3/10/2022,"Rp9,000","Rp8,500","Rp8,750"
70,3/11/2022,"Rp9,000","Rp8,500","Rp8,750"
71,3/12/2022,"Rp9,000","Rp8,500","Rp8,750"
72,3/13/2022,"Rp9,000","Rp8,500","Rp8,750"
73,3/14/2022,"Rp9,000","Rp8,500","Rp8,750"
74,3/15/2022,"Rp9,000","Rp8,500","Rp8,750"
75,3/16/2022,"Rp9,000","Rp8,500","Rp8,750"
76,3/17/2022,"Rp9,000","Rp8,500","Rp8,750"
77,3/18/2022,"Rp9,000","Rp8,500","Rp8,750"
78,3/19/2022,"Rp9,000","Rp8,500","Rp8,750"
79,3/20/2022,"Rp9,000","Rp8,500","Rp8,750"
80,3/21/2022,"Rp9,000","Rp8,500","Rp8,750"
81,3/22/2022,"Rp9,000","Rp7,000","Rp8,000"
82,3/23/2022,"Rp9,000","Rp7,000","Rp8,000"
83,3/24/2022,"Rp9,000","Rp7,000","Rp8,000"
84,3/25/2022,"Rp9,000","Rp7,000","Rp8,000"
85,3/26/2022,"Rp9,000","Rp8,000","Rp8,500"
86,3/27/2022,"Rp9,000","Rp8,000","Rp8,500"
87,3/28/2022,"Rp9,000","Rp8,000","Rp8,500"
88,3/29/2022,"Rp9,000","Rp8,000","Rp8,500"
89,3/30/2022,"Rp9,000","Rp8,000","Rp8,500"
90,3/31/2022,"Rp9,000","Rp8,000","Rp8,500"
91,4/1/2022,"Rp9,000","Rp8,000","Rp8,500"
92,4/2/2022,"Rp9,000","Rp8,000","Rp8,500"
93,4/3/2022,"Rp9,000","Rp8,000","Rp8,500"
94,4/4/2022,"Rp9,000","Rp8,000","Rp8,500"
95,4/5/2022,"Rp9,000","Rp8,000","Rp8,500"
96,4/6/2022,"Rp9,000","Rp8,000","Rp8,500"
97,4/7/2022,"Rp9,000","Rp8,000","Rp8,500"
98,4/8/2022,"Rp9,000","Rp8,000","Rp8,500"
99,4/9/2022,"Rp9,000","Rp8,000","Rp8,500"
100,4/10/2022,"Rp9,000","Rp8,000","Rp8,500"
101,4/11/2022,"Rp9,000","Rp8,000","Rp8,500"
102,4/12/2022,"Rp9,000","Rp8,000","Rp8,500"
103,4/13/2022,"Rp9,000","Rp8,000","Rp8,500"
104,4/14/2022,"Rp9,000","Rp8,000","Rp8,500"
105,4/15/2022,"Rp9,000","Rp8,000","Rp8,500"
106,4/16/2022,"Rp9,000","Rp8,000","Rp8,500"
107,4/17/2022,"Rp9,000","Rp8,000","Rp8,500"
108,4/18/2022,"Rp9,000","Rp8,000","Rp8,500"
109,4/19/2022,"Rp9,000","Rp8,000","Rp8,500"
110,4/20/2022,"Rp9,000","Rp8,000","Rp8,500"
111,4/21/2022,"Rp9,000","Rp8,000","Rp8,500"
112,4/22/2022,"Rp9,000","Rp8,000","Rp8,500"
113,4/23/2022,"Rp9,000","Rp8,000","Rp8,500"
114,4/24/2022,"Rp9,000","Rp8,000","Rp8,500"
115,4/25/2022,"Rp9,000","Rp8,000","Rp8,500"
116,4/26/2022,"Rp9,000","Rp8,000","Rp8,500"
117,4/27/2022,"Rp9,000","Rp8,000","Rp8,500"
118,4/28/2022,"Rp9,000","Rp8,000","Rp8,500"
119,4/29/2022,"Rp9,000","Rp8,000","Rp8,500"
120,4/30/2022,"Rp9,000","Rp8,000","Rp8,500"
121,5/1/2022,"Rp9,000","Rp8,000","Rp8,500"
122,5/2/2022,"Rp9,000","Rp8,000","Rp8,500"
123,5/3/2022,"Rp9,000","Rp8,000","Rp8,500"
124,5/4/2022,"Rp9,000","Rp8,000","Rp8,500"
125,5/5/2022,"Rp9,000","Rp8,000","Rp8,500"
126,5/6/2022,"Rp9,000","Rp8,000","Rp8,500"
127,5/7/2022,"Rp9,000","Rp8,000","Rp8,500"
128,5/8/2022,"Rp9,000","Rp8,000","Rp8,500"
129,5/9/2022,"Rp9,000","Rp8,000","Rp8,500"
130,5/10/2022,"Rp9,000","Rp8,000","Rp8,500"
131,5/11/2022,"Rp9,000","Rp8,000","Rp8,500"
132,5/12/2022,"Rp9,000","Rp8,000","Rp8,500"
133,5/13/2022,"Rp9,000","Rp8,000","Rp8,500"
134,5/14/2022,"Rp9,000","Rp8,000","Rp8,500"
135,5/15/2022,"Rp9,000","Rp8,000","Rp8,500"
136,5/16/2022,"Rp9,000","Rp8,000","Rp8,500"
137,5/17/2022,"Rp9,000","Rp8,000","Rp8,500"
138,5/18/2022,"Rp9,000","Rp8,000","Rp8,500"
139,5/19/2022,"Rp9,000","Rp8,000","Rp8,500"
140,5/20/2022,"Rp9,000","Rp8,000","Rp8,500"
141,5/21/2022,"Rp9,000","Rp8,000","Rp8,500"
142,5/22/2022,"Rp9,000","Rp8,000","Rp8,500"
143,5/23/2022,"Rp9,000","Rp8,000","Rp8,500"
144,5/24/2022,"Rp9,000","Rp8,000","Rp8,500"
145,5/25/2022,"Rp9,000","Rp8,000","Rp8,500"
146,5/26/2022,"Rp9,000","Rp8,000","Rp8,500"
147,5/27/2022,"Rp9,000","Rp8,000","Rp8,500"
148,5/28/2022,"Rp9,000","Rp8,000","Rp8,500"
149,5/29/2022,"Rp9,000","Rp8,000","Rp8,500"
150,5/30/2022,"Rp9,000","Rp8,000","Rp8,500"
151,5/31/2022,"Rp9,000","Rp8,000","Rp8,500"
152,6/1/2022,"Rp9,000","Rp8,000","Rp8,500"
153,6/2/2022,"Rp9,000","Rp8,000","Rp8,500"
154,6/3/2022,"Rp9,000","Rp8,000","Rp8,500"
155,6/4/2022,"Rp9,000","Rp8,000","Rp8,500"
156,6/5/2022,"Rp9,000","Rp8,000","Rp8,500"
157,6/6/2022,"Rp9,000","Rp8,000","Rp8,500"
158,6/7/2022,"Rp9,000","Rp8,000","Rp8,500"
159,6/8/2022,"Rp9,000","Rp8,000","Rp8,500"
160,6/9/2022,"Rp9,000","Rp8,000","Rp8,500"
161,6/10/2022,"Rp9,000","Rp8,000","Rp8,500"
162,6/11/2022,"Rp9,000","Rp8,000","Rp8,500"
163,6/12/2022,"Rp9,000","Rp8,000","Rp8,500"
164,6/13/2022,"Rp9,000","Rp8,000","Rp8,500"
165,6/14/2022,"Rp9,000","Rp8,000","Rp8,500"
166,6/15/2022,"Rp9,000","Rp8,000","Rp8,500"
167,6/16/2022,"Rp9,000","Rp8,000","Rp8,500"
168,6/17/2022,"Rp9,000","Rp8,000","Rp8,500"
169,6/18/2022,"Rp9,000","Rp8,000","Rp8,500"
170,6/19/2022,"Rp9,000","Rp8,000","Rp8,500"
171,6/20/2022,"Rp9,000","Rp8,000","Rp8,500"
172,6/21/2022,"Rp9,000","Rp8,000","Rp8,500"
173,6/22/2022,"Rp9,000","Rp8,000","Rp8,500"
174,6/23/2022,"Rp9,000","Rp8,000","Rp8,500"
175,6/24/2022,"Rp9,000","Rp8,000","Rp8,500"
176,6/25/2022,"Rp9,000","Rp8,000","Rp8,500"
177,6/26/2022,"Rp9,000","Rp8,000","Rp8,500"
178,6/27/2022,"Rp9,000","Rp8,000","Rp8,500"
179,6/28/2022,"Rp9,000","Rp8,000","Rp8,500"
180,6/29/2022,"Rp9,000","Rp8,000","Rp8,500"
181,6/30/2022,"Rp9,000","Rp8,000","Rp8,500"
182,7/1/2022,"Rp9,000","Rp8,500","Rp8,750"
183,7/2/2022,"Rp9,000","Rp8,500","Rp8,750"
184,7/3/2022,"Rp9,000","Rp9,000","Rp9,000"
185,7/4/2022,"Rp9,000","Rp9,000","Rp9,000"
186,7/5/2022,"Rp9,000","Rp9,000","Rp9,000"
187,7/6/2022,"Rp9,000","Rp9,000","Rp9,000"
188,7/7/2022,"Rp9,000","Rp9,000","Rp9,000"
189,7/8/2022,"Rp9,000","Rp9,000","Rp9,000"
190,7/9/2022,"Rp9,000","Rp9,000","Rp9,000"
191,7/10/2022,"Rp9,000","Rp9,000","Rp9,000"
192,7/11/2022,"Rp9,000","Rp9,000","Rp9,000"
193,7/12/2022,"Rp9,000","Rp9,000","Rp9,000"
194,7/13/2022,"Rp9,000","Rp8,000","Rp8,500"
195,7/14/2022,"Rp9,000","Rp8,000","Rp8,500"
196,7/15/2022,"Rp9,000","Rp8,000","Rp8,500"
197,7/16/2022,"Rp8,000","Rp8,000","Rp8,000"
198,7/17/2022,"Rp8,000","Rp8,000","Rp8,000"
199,7/18/2022,"Rp8,000","Rp8,000","Rp8,000"
200,7/19/2022,"Rp7,500","Rp8,000","Rp7,750"
201,7/20/2022,"Rp7,500","Rp8,000","Rp7,750"
202,7/21/2022,"Rp7,500","Rp7,500","Rp7,500"
203,7/22/2022,"Rp7,500","Rp7,500","Rp7,500"
204,7/23/2022,"Rp7,500","Rp7,500","Rp7,500"
205,7/24/2022,"Rp7,500","Rp7,500","Rp7,500"
206,7/25/2022,"Rp7,500","Rp7,500","Rp7,500"
207,7/26/2022,"Rp7,500","Rp7,500","Rp7,500"
208,7/27/2022,"Rp7,500","Rp7,500","Rp7,500"
209,7/28/2022,"Rp7,500","Rp7,500","Rp7,500"
210,7/29/2022,"Rp7,500","Rp7,500","Rp7,500"
211,7/30/2022,"Rp7,500","Rp7,500","Rp7,500"
212,7/31/2022,"Rp8,000","Rp8,000","Rp8,000"
213,8/1/2022,"Rp8,500",-,"Rp8,500"
214,8/2/2022,"Rp8,500","Rp8,500","Rp8,500"
215,8/3/2022,"Rp8,500","Rp8,500","Rp8,500"
216,8/4/2022,"Rp8,000","Rp8,500","Rp8,250"
217,8/5/2022,"Rp8,000","Rp8,000","Rp8,000"
218,8/6/2022,"Rp8,000","Rp8,000","Rp8,000"
219,8/7/2022,"Rp8,500","Rp8,500","Rp8,500"
220,8/8/2022,"Rp8,500","Rp8,500","Rp8,500"
221,8/9/2022,"Rp8,500","Rp8,500","Rp8,500"
222,8/10/2022,"Rp8,500","Rp8,500","Rp8,500"
223,8/11/2022,"Rp8,500","Rp8,500","Rp8,500"
224,8/12/2022,"Rp8,500","Rp9,000","Rp8,750"
225,8/13/2022,"Rp9,000","Rp9,000","Rp9,000"
226,8/14/2022,"Rp9,000","Rp9,000","Rp9,000"
227,8/15/2022,"Rp9,000","Rp9,000","Rp9,000"
228,8/16/2022,"Rp9,000","Rp9,000","Rp9,000"
229,8/17/2022,"Rp9,000","Rp9,000","Rp9,000"
230,8/18/2022,"Rp9,000","Rp9,000","Rp9,000"
231,8/19/2022,"Rp9,000","Rp9,000","Rp9,000"
232,8/20/2022,"Rp9,000","Rp9,000","Rp9,000"
233,8/21/2022,"Rp9,000","Rp9,000","Rp9,000"
234,8/22/2022,"Rp9,000","Rp9,000","Rp9,000"
235,8/23/2022,"Rp9,000","Rp9,000","Rp9,000"
236,8/24/2022,"Rp9,000","Rp9,000","Rp9,000"
237,8/25/2022,"Rp9,000","Rp9,000","Rp9,000"
238,8/26/2022,"Rp8,500","Rp8,500","Rp8,500"
239,8/27/2022,"Rp8,500","Rp8,500","Rp8,500"
240,8/28/2022,"Rp8,500","Rp8,500","Rp8,500"
241,8/29/2022,"Rp8,500","Rp8,500","Rp8,500"
242,8/30/2022,"Rp8,500","Rp8,500","Rp8,500"
243,8/31/2022,"Rp8,500","Rp8,500","Rp8,500"
244,9/1/2022,"Rp8,500","Rp8,500","Rp8,500"
245,9/2/2022,"Rp8,500","Rp8,000","Rp8,250"
246,9/3/2022,"Rp8,500","Rp8,000","Rp8,250"
247,9/4/2022,"Rp8,500","Rp8,000","Rp8,250"
248,9/5/2022,"Rp8,500","Rp8,000","Rp8,250"
249,9/6/2022,"Rp8,500","Rp8,000","Rp8,250"
250,9/7/2022,"Rp8,500","Rp8,500","Rp8,500"
251,9/8/2022,"Rp8,500","Rp8,500","Rp8,500"
252,9/9/2022,"Rp8,500","Rp8,500","Rp8,500"
253,9/10/2022,"Rp8,500","Rp8,500","Rp8,500"
254,9/11/2022,"Rp8,500","Rp8,500","Rp8,500"
255,9/12/2022,"Rp8,500","Rp8,500","Rp8,500"
256,9/13/2022,"Rp8,500","Rp8,500","Rp8,500"
257,9/14/2022,"Rp8,500","Rp8,500","Rp8,500"
258,9/15/2022,"Rp8,500","Rp8,500","Rp8,500"
259,9/16/2022,"Rp8,500","Rp8,500","Rp8,500"
260,9/17/2022,"Rp8,500","Rp8,500","Rp8,500"
261,9/18/2022,"Rp8,500","Rp8,500","Rp8,500"
262,9/19/2022,"Rp8,000","Rp8,000","Rp8,000"
263,9/20/2022,"Rp8,000","Rp8,000","Rp8,000"
264,9/21/2022,"Rp8,000","Rp8,000","Rp8,000"
265,9/22/2022,"Rp7,000","Rp7,000","Rp7,000"
266,9/23/2022,"Rp7,000","Rp7,000","Rp7,000"
267,9/24/2022,"Rp7,000","Rp7,000","Rp7,000"
268,9/25/2022,"Rp7,000","Rp7,000","Rp7,000"
269,9/26/2022,"Rp7,000","Rp7,000","Rp7,000"
270,9/27/2022,"Rp7,000","Rp7,000","Rp7,000"
271,9/28/2022,"Rp7,000","Rp7,000","Rp7,000"
272,9/29/2022,"Rp7,000","Rp7,000","Rp7,000"
273,9/30/2022,"Rp7,000","Rp7,000","Rp7,000"
274,10/1/2022,"Rp7,000","Rp7,000","Rp7,000"
275,10/2/2022,"Rp7,000","Rp7,000","Rp7,000"
276,10/3/2022,"Rp7,000","Rp7,000","Rp7,000"
277,10/4/2022,"Rp7,000","Rp7,000","Rp7,000"
278,10/5/2022,"Rp7,000","Rp7,000","Rp7,000"
279,10/6/2022,"Rp7,000","Rp7,000","Rp7,000"
280,10/7/2022,"Rp7,000","Rp7,000","Rp7,000"
281,10/8/2022,"Rp7,000","Rp7,000","Rp7,000"
282,10/9/2022,"Rp7,000","Rp7,000","Rp7,000"
283,10/10/2022,"Rp7,000","Rp7,000","Rp7,000"
284,10/11/2022,"Rp7,000","Rp7,000","Rp7,000"
285,10/12/2022,"Rp7,000","Rp7,000","Rp7,000"
286,10/13/2022,"Rp7,000","Rp7,000","Rp7,000"
287,10/14/2022,"Rp7,000","Rp7,000","Rp7,000"
288,10/15/2022,"Rp7,000","Rp7,000","Rp7,000"
289,10/16/2022,"Rp7,000","Rp7,000","Rp7,000"
290,10/17/2022,"Rp7,000","Rp7,000","Rp7,000"
291,10/18/2022,"Rp7,000","Rp7,000","Rp7,000"
292,10/19/2022,"Rp7,000","Rp7,000","Rp7,000"
293,10/20/2022,"Rp7,000","Rp7,000","Rp7,000"
294,10/21/2022,"Rp7,000","Rp7,000","Rp7,000"
295,10/22/2022,"Rp7,000","Rp7,000","Rp7,000"
296,10/23/2022,"Rp7,000","Rp7,000","Rp7,000"
297,10/24/2022,"Rp7,000","Rp7,000","Rp7,000"
298,10/25/2022,"Rp7,000","Rp7,000","Rp7,000"
299,10/26/2022,"Rp7,000","Rp7,000","Rp7,000"
300,10/27/2022,"Rp7,000","Rp7,000","Rp7,000"
301,10/28/2022,"Rp7,000","Rp7,000","Rp7,000"
302,10/29/2022,"Rp7,000","Rp7,000","Rp7,000"
303,10/30/2022,"Rp7,000","Rp7,000","Rp7,000"
304,10/31/2022,"Rp7,000","Rp7,000","Rp7,000"
305,11/1/2022,"Rp7,000","Rp7,000","Rp7,000"
306,11/2/2022,"Rp7,000","Rp7,000","Rp7,000"
307,11/3/2022,"Rp7,000","Rp7,000","Rp7,000"
308,11/4/2022,"Rp7,000","Rp7,000","Rp7,000"
309,11/5/2022,"Rp7,000","Rp7,000","Rp7,000"
310,11/6/2022,"Rp7,000","Rp7,000","Rp7,000"
311,11/7/2022,"Rp7,000","Rp7,000","Rp7,000"
312,11/8/2022,"Rp7,000","Rp7,000","Rp7,000"
313,11/9/2022,"Rp7,000","Rp7,000","Rp7,000"
314,11/10/2022,"Rp7,000","Rp7,000","Rp7,000"
315,11/11/2022,"Rp7,000","Rp7,000","Rp7,000"
316,11/12/2022,"Rp7,000","Rp7,000","Rp7,000"
317,11/13/2022,"Rp7,000","Rp7,000","Rp7,000"
318,11/14/2022,"Rp7,000","Rp7,000","Rp7,000"
319,11/15/2022,"Rp7,000","Rp7,000","Rp7,000"
320,11/16/2022,"Rp7,000","Rp7,000","Rp7,000"
321,11/17/2022,"Rp7,000","Rp7,000","Rp7,000"
322,11/18/2022,"Rp7,000","Rp7,000","Rp7,000"
323,11/19/2022,"Rp7,000","Rp7,000","Rp7,000"
324,11/20/2022,"Rp7,000","Rp7,000","Rp7,000"
325,11/21/2022,"Rp7,000","Rp7,000","Rp7,000"
326,11/22/2022,"Rp7,000","Rp7,000","Rp7,000"
327,11/23/2022,"Rp7,000","Rp7,000","Rp7,000"
328,11/24/2022,"Rp7,000","Rp7,000","Rp7,000"
329,11/25/2022,"Rp7,000","Rp7,000","Rp7,000"
330,11/26/2022,"Rp7,000","Rp7,000","Rp7,000"
331,11/27/2022,"Rp7,000","Rp7,000","Rp7,000"
332,11/28/2022,"Rp7,000","Rp7,000","Rp7,000"
333,11/29/2022,"Rp7,000","Rp7,000","Rp7,000"
334,11/30/2022,"Rp7,000","Rp7,000","Rp7,000"
335,12/1/2022,"Rp7,000","Rp7,000","Rp7,000"
336,12/2/2022,"Rp7,000","Rp7,000","Rp7,000"
337,12/3/2022,"Rp7,000","Rp7,000","Rp7,000"
338,12/4/2022,"Rp7,000","Rp7,000","Rp7,000"
339,12/5/2022,"Rp7,000","Rp7,000","Rp7,000"
340,12/6/2022,"Rp7,000","Rp7,000","Rp7,000"
341,12/7/2022,"Rp7,000","Rp7,000","Rp7,000"
342,12/8/2022,"Rp7,000","Rp7,000","Rp7,000"
343,12/9/2022,"Rp7,000","Rp7,000","Rp7,000"
344,12/10/2022,"Rp7,000","Rp7,000","Rp7,000"
345,12/11/2022,"Rp7,000","Rp7,000","Rp7,000"
346,12/12/2022,"Rp7,000","Rp7,000","Rp7,000"
347,12/13/2022,"Rp7,000","Rp7,000","Rp7,000"
348,12/14/2022,"Rp7,000","Rp7,000","Rp7,000"
349,12/15/2022,"Rp7,000","Rp7,000","Rp7,000"
350,12/16/2022,"Rp7,000","Rp7,000","Rp7,000"
351,12/17/2022,"Rp7,000","Rp7,000","Rp7,000"
352,12/18/2022,"Rp7,000","Rp7,000","Rp7,000"
353,12/19/2022,"Rp7,000","Rp7,000","Rp7,000"
354,12/20/2022,"Rp7,000","Rp7,000","Rp7,000"
355,12/21/2022,"Rp7,000","Rp7,000","Rp7,000"
356,12/22/2022,"Rp7,000","Rp7,000","Rp7,000"
357,12/23/2022,"Rp7,000","Rp7,000","Rp7,000"
358,12/24/2022,"Rp7,000","Rp7,000","Rp7,000"
359,12/25/2022,"Rp7,000","Rp7,000","Rp7,000"
360,12/26/2022,"Rp7,000","Rp7,000","Rp7,000"
361,12/27/2022,"Rp7,000","Rp7,000","Rp7,000"
362,12/28/2022,"Rp7,000","Rp7,000","Rp7,000"
363,12/29/2022,"Rp7,000","Rp7,000","Rp7,000"
364,12/30/2022,"Rp7,000","Rp7,000","Rp7,000"
365,12/31/2022,"Rp7,000","Rp7,000","Rp7,000"
366,1/1/2023,"Rp7,000","Rp7,000","Rp7,000"
367,1/2/2023,"Rp7,000","Rp7,000","Rp7,000"
368,1/3/2023,"Rp7,000","Rp7,000","Rp7,000"
369,1/4/2023,"Rp7,000","Rp7,000","Rp7,000"
370,1/5/2023,"Rp7,500","Rp7,250","Rp7,375"
371,1/6/2023,"Rp7,500","Rp7,250","Rp7,375"
372,1/7/2023,"Rp7,500","Rp7,250","Rp7,375"
373,1/8/2023,"Rp7,500","Rp7,250","Rp7,375"
374,1/9/2023,"Rp7,500","Rp7,250","Rp7,375"
375,1/10/2023,"Rp7,500","Rp7,250","Rp7,375"
376,1/11/2023,"Rp7,500","Rp7,250","Rp7,375"
377,1/12/2023,"Rp7,500","Rp7,250","Rp7,375"
378,1/13/2023,"Rp8,500","Rp8,250","Rp8,375"
379,1/14/2023,"Rp8,500","Rp8,250","Rp8,375"
380,1/15/2023,"Rp8,500","Rp8,250","Rp8,375"
381,1/16/2023,"Rp9,000","Rp8,500","Rp8,750"
382,1/17/2023,"Rp9,000","Rp8,500","Rp8,750"
383,1/18/2023,"Rp9,000","Rp9,000","Rp9,000"
384,1/19/2023,"Rp9,000","Rp9,000","Rp9,000"
385,1/20/2023,"Rp9,000","Rp9,000","Rp9,000"
386,1/21/2023,"Rp9,000","Rp9,000","Rp9,000"
387,1/22/2023,"Rp9,000","Rp9,000","Rp9,000"
388,1/23/2023,"Rp9,000","Rp9,000","Rp9,000"
389,1/24/2023,"Rp9,000","Rp9,000","Rp9,000"
390,1/25/2023,"Rp9,000","Rp9,000","Rp9,000"
391,1/26/2023,"Rp9,000","Rp9,000","Rp9,000"
392,1/27/2023,"Rp9,000","Rp9,000","Rp9,000"
393,1/28/2023,"Rp9,000","Rp9,000","Rp9,000"
394,1/29/2023,"Rp9,000","Rp9,000","Rp9,000"
395,1/30/2023,"Rp9,000","Rp9,000","Rp9,000"
396,1/31/2023,"Rp9,000","Rp9,000","Rp9,000"
397,2/1/2023,"Rp5,000","Rp9,000","Rp7,000"
398,2/2/2023,"Rp5,000","Rp9,000","Rp7,000"
399,2/3/2023,"Rp5,000","Rp9,000","Rp7,000"
400,2/4/2023,"Rp5,000","Rp9,000","Rp7,000"
401,2/5/2023,"Rp5,000","Rp9,000","Rp7,000"
402,2/6/2023,"Rp5,000","Rp9,000","Rp7,000"
403,2/7/2023,"Rp5,000","Rp7,000","Rp6,000"
404,2/8/2023,"Rp5,000","Rp7,000","Rp6,000"
405,2/9/2023,"Rp5,000","Rp7,000","Rp6,000"
406,2/10/2023,"Rp5,000","Rp7,000","Rp6,000"
407,2/11/2023,"Rp5,000","Rp7,000","Rp6,000"
408,2/12/2023,"Rp5,000","Rp7,000","Rp6,000"
409,2/13/2023,"Rp7,000","Rp7,000","Rp7,000"
410,2/14/2023,"Rp7,000","Rp7,000","Rp7,000"
411,2/15/2023,"Rp7,000","Rp7,000","Rp7,000"
412,2/16/2023,"Rp7,000","Rp7,000","Rp7,000"
413,2/17/2023,"Rp7,000","Rp7,000","Rp7,000"
414,2/18/2023,"Rp7,000","Rp7,000","Rp7,000"
415,2/19/2023,"Rp7,000","Rp7,000","Rp7,000"
416,2/20/2023,"Rp7,000","Rp7,000","Rp7,000"
417,2/21/2023,"Rp7,000","Rp7,000","Rp7,000"
418,2/22/2023,"Rp7,000","Rp7,000","Rp7,000"
419,2/23/2023,"Rp7,000","Rp7,000","Rp7,000"
420,2/24/2023,"Rp7,000","Rp7,000","Rp7,000"
421,2/25/2023,"Rp7,000","Rp7,000","Rp7,000"
422,2/26/2023,"Rp7,000","Rp7,000","Rp7,000"
423,2/27/2023,"Rp7,000","Rp7,000","Rp7,000"
424,2/28/2023,"Rp7,000","Rp7,000","Rp7,000"
425,3/1/2023,"Rp7,000","Rp7,000","Rp7,000"
426,3/2/2023,"Rp7,000","Rp7,000","Rp7,000"
427,3/3/2023,"Rp7,000","Rp7,000","Rp7,000"
428,3/4/2023,"Rp7,000","Rp7,000","Rp7,000"
429,3/5/2023,"Rp7,000","Rp7,000","Rp7,000"
430,3/6/2023,"Rp7,000","Rp7,000","Rp7,000"
431,3/7/2023,"Rp7,000","Rp7,000","Rp7,000"
432,3/8/2023,"Rp7,000","Rp7,000","Rp7,000"
433,3/9/2023,"Rp7,000","Rp7,000","Rp7,000"
434,3/10/2023,"Rp7,000","Rp7,000","Rp7,000"
435,3/11/2023,"Rp7,000","Rp7,000","Rp7,000"
436,3/12/2023,"Rp7,000","Rp7,000","Rp7,000"
437,3/13/2023,"Rp7,000","Rp7,000","Rp7,000"
438,3/14/2023,"Rp7,000","Rp7,000","Rp7,000"
439,3/15/2023,"Rp7,000","Rp7,000","Rp7,000"
440,3/16/2023,"Rp7,000","Rp7,000","Rp7,000"
441,3/17/2023,"Rp7,000","Rp7,000","Rp7,000"
442,3/18/2023,"Rp7,000","Rp7,000","Rp7,000"
443,3/19/2023,"Rp7,000","Rp7,000","Rp7,000"
444,3/20/2023,"Rp7,000","Rp7,000","Rp7,000"
445,3/21/2023,"Rp7,333","Rp7,000","Rp7,167"
446,3/22/2023,"Rp7,333","Rp7,000","Rp7,167"
447,3/23/2023,"Rp7,333","Rp7,000","Rp7,167"
448,3/24/2023,"Rp7,333","Rp7,000","Rp7,167"
449,3/25/2023,"Rp7,333","Rp7,000","Rp7,167"
450,3/26/2023,"Rp7,333","Rp7,000","Rp7,167"
451,3/27/2023,"Rp7,333","Rp7,000","Rp7,167"
452,3/28/2023,"Rp7,333","Rp7,000","Rp7,167"
453,3/29/2023,"Rp7,333","Rp7,000","Rp7,167"
454,3/30/2023,"Rp7,333","Rp7,000","Rp7,167"
455,3/31/2023,"Rp7,333","Rp7,000","Rp7,167"
456,4/1/2023,"Rp7,333","Rp7,000","Rp7,167"
457,4/2/2023,"Rp7,333","Rp7,000","Rp7,167"
458,4/3/2023,"Rp7,333","Rp7,000","Rp7,167"
459,4/4/2023,"Rp7,333","Rp7,000","Rp7,167"
460,4/5/2023,"Rp7,333","Rp7,000","Rp7,167"
461,4/6/2023,"Rp7,333","Rp7,000","Rp7,167"
462,4/7/2023,"Rp7,333","Rp7,000","Rp7,167"
463,4/8/2023,"Rp7,333","Rp7,000","Rp7,167"
464,4/9/2023,"Rp7,333","Rp7,000","Rp7,167"
465,4/10/2023,"Rp7,333","Rp7,000","Rp7,167"
466,4/11/2023,"Rp7,333","Rp6,000","Rp6,667"
467,4/12/2023,"Rp7,333","Rp6,000","Rp6,667"
468,4/13/2023,"Rp7,333","Rp6,000","Rp6,667"
469,4/14/2023,"Rp7,333","Rp6,000","Rp6,667"
470,4/15/2023,"Rp7,333","Rp6,000","Rp6,667"
471,4/16/2023,"Rp7,333","Rp6,000","Rp6,667"
472,4/17/2023,"Rp7,333","Rp6,000","Rp6,667"
473,4/18/2023,"Rp7,333","Rp6,000","Rp6,667"
474,4/19/2023,"Rp7,333","Rp6,000","Rp6,667"
475,4/20/2023,"Rp7,333","Rp6,000","Rp6,667"
476,4/21/2023,"Rp7,333","Rp6,000","Rp6,667"
477,4/22/2023,"Rp7,333","Rp6,000","Rp6,667"
478,4/23/2023,"Rp7,333","Rp6,000","Rp6,667"
479,4/24/2023,"Rp7,333","Rp6,000","Rp6,667"
480,4/25/2023,"Rp7,333","Rp6,000","Rp6,667"
481,4/26/2023,"Rp7,333","Rp7,000","Rp7,167"
482,4/27/2023,"Rp7,333","Rp7,000","Rp7,167"
483,4/28/2023,"Rp7,333","Rp7,000","Rp7,167"
484,4/29/2023,"Rp7,333","Rp7,000","Rp7,167"
485,4/30/2023,"Rp7,333","Rp7,000","Rp7,167"
486,5/1/2023,"Rp7,333","Rp7,000","Rp7,167"
487,5/2/2023,"Rp7,333","Rp7,000","Rp7,167"
488,5/3/2023,"Rp7,333","Rp7,000","Rp7,167"
489,5/4/2023,"Rp7,333","Rp7,000","Rp7,167"
490,5/5/2023,"Rp7,333","Rp7,000","Rp7,167"
491,5/6/2023,"Rp7,333","Rp7,000","Rp7,167"
492,5/7/2023,"Rp7,333","Rp7,000","Rp7,167"
493,5/8/2023,"Rp7,333","Rp7,000","Rp7,167"
494,5/9/2023,"Rp7,333","Rp7,000","Rp7,167"
495,5/10/2023,"Rp7,333","Rp7,000","Rp7,167"
496,5/11/2023,"Rp7,333","Rp7,000","Rp7,167"
497,5/12/2023,"Rp7,333","Rp7,000","Rp7,167"
498,5/13/2023,"Rp7,333","Rp7,000","Rp7,167"
499,5/14/2023,"Rp7,333","Rp7,000","Rp7,167"
500,5/15/2023,"Rp7,333","Rp7,000","Rp7,167"
501,5/16/2023,"Rp7,333","Rp7,000","Rp7,167"
502,5/17/2023,"Rp7,333","Rp7,000","Rp7,167"
503,5/18/2023,"Rp7,333","Rp7,000","Rp7,167"
504,5/19/2023,"Rp7,333","Rp7,000","Rp7,167"
505,5/20/2023,"Rp7,333","Rp7,000","Rp7,167"
506,5/21/2023,"Rp7,333","Rp7,000","Rp7,167"
507,5/22/2023,"Rp7,333","Rp7,000","Rp7,167"
508,5/23/2023,"Rp7,333","Rp7,000","Rp7,167"
509,5/24/2023,"Rp7,333","Rp7,000","Rp7,167"
510,5/25/2023,"Rp7,333","Rp7,000","Rp7,167"
511,5/26/2023,"Rp7,333","Rp7,000","Rp7,167"
512,5/27/2023,"Rp7,333","Rp7,000","Rp7,167"
513,5/28/2023,"Rp7,333","Rp7,000","Rp7,167"
514,5/29/2023,"Rp7,333","Rp7,000","Rp7,167"
515,5/30/2023,"Rp7,333","Rp7,000","Rp7,167"
516,5/31/2023,"Rp7,333","Rp7,000","Rp7,167"
517,6/1/2023,"Rp7,333","Rp7,000","Rp7,167"
518,6/2/2023,"Rp7,333","Rp7,000","Rp7,167"
519,6/3/2023,"Rp7,333","Rp7,000","Rp7,167"
520,6/4/2023,"Rp7,333","Rp7,000","Rp7,167"
521,6/5/2023,"Rp7,333","Rp7,000","Rp7,167"
522,6/6/2023,"Rp7,333","Rp7,000","Rp7,167"
523,6/7/2023,"Rp7,333","Rp7,000","Rp7,167"
524,6/8/2023,"Rp7,333","Rp7,000","Rp7,167"
525,6/9/2023,"Rp7,333","Rp7,000","Rp7,167"
526,6/10/2023,"Rp7,333","Rp7,000","Rp7,167"
527,6/11/2023,"Rp7,333","Rp7,000","Rp7,167"
528,6/12/2023,"Rp7,333","Rp7,000","Rp7,167"
529,6/13/2023,"Rp7,333","Rp7,000","Rp7,167"
530,6/14/2023,"Rp7,333","Rp7,000","Rp7,167"
531,6/15/2023,"Rp7,333","Rp7,000","Rp7,167"
532,6/16/2023,"Rp7,333","Rp7,000","Rp7,167"
533,6/17/2023,"Rp7,333","Rp7,000","Rp7,167"
534,6/18/2023,"Rp7,333","Rp7,000","Rp7,167"
535,6/19/2023,"Rp7,333","Rp7,000","Rp7,167"
536,6/20/2023,"Rp7,333","Rp7,000","Rp7,167"
537,6/21/2023,"Rp7,333","Rp7,000","Rp7,167"
538,6/22/2023,"Rp7,333","Rp7,000","Rp7,167"
539,6/23/2023,"Rp7,333","Rp7,000","Rp7,167"
540,6/24/2023,"Rp7,333","Rp7,000","Rp7,167"
541,6/25/2023,"Rp7,333","Rp7,000","Rp7,167"
542,6/26/2023,"Rp7,333","Rp7,000","Rp7,167"
543,6/27/2023,"Rp7,333","Rp7,000","Rp7,167"
544,6/28/2023,"Rp7,333","Rp7,000","Rp7,167"
545,6/29/2023,"Rp7,333","Rp7,000","Rp7,167"
546,6/30/2023,"Rp7,333","Rp7,000","Rp7,167"
547,7/1/2023,"Rp7,333","Rp7,000","Rp7,167"
548,7/2/2023,"Rp7,333","Rp7,000","Rp7,167"
549,7/3/2023,"Rp7,333","Rp7,000","Rp7,167"
550,7/4/2023,"Rp7,333","Rp7,000","Rp7,167"
551,7/5/2023,"Rp7,333","Rp7,000","Rp7,167"
552,7/6/2023,"Rp7,333","Rp7,000","Rp7,167"
553,7/7/2023,"Rp7,333","Rp7,000","Rp7,167"
554,7/8/2023,"Rp7,333","Rp7,000","Rp7,167"
555,7/9/2023,"Rp7,333","Rp7,000","Rp7,167"
556,7/10/2023,"Rp7,333","Rp7,000","Rp7,167"
557,7/11/2023,"Rp7,333","Rp7,000","Rp7,167"
558,7/12/2023,"Rp7,333","Rp7,000","Rp7,167"
559,7/13/2023,"Rp7,333","Rp7,000","Rp7,167"
560,7/14/2023,"Rp7,333","Rp7,000","Rp7,167"
561,7/15/2023,"Rp7,333","Rp7,000","Rp7,167"
562,7/16/2023,"Rp7,333","Rp7,000","Rp7,167"
563,7/17/2023,"Rp7,333","Rp7,000","Rp7,167"
564,7/18/2023,"Rp9,500","Rp9,000","Rp9,250"
565,7/19/2023,"Rp9,500","Rp9,000","Rp9,250"
566,7/20/2023,"Rp9,500","Rp9,000","Rp9,250"
567,7/21/2023,"Rp9,500","Rp9,000","Rp9,250"
568,7/22/2023,"Rp9,500","Rp9,000","Rp9,250"
569,7/23/2023,"Rp9,500","Rp9,000","Rp9,250"
570,7/24/2023,"Rp9,500","Rp9,000","Rp9,250"
571,7/25/2023,"Rp9,500","Rp9,000","Rp9,250"
572,7/26/2023,"Rp9,500","Rp9,000","Rp9,250"
573,7/27/2023,"Rp9,500","Rp9,000","Rp9,250"
574,7/28/2023,"Rp9,500","Rp9,000","Rp9,250"
575,7/29/2023,"Rp9,500","Rp9,000","Rp9,250"
576,7/30/2023,"Rp9,500","Rp9,000","Rp9,250"
577,7/31/2023,"Rp9,500","Rp9,000","Rp9,250"
578,8/1/2023,"Rp9,500","Rp9,000","Rp9,250"
579,8/2/2023,"Rp9,500","Rp9,000","Rp9,250"
580,8/3/2023,"Rp9,500","Rp9,000","Rp9,250"
581,8/4/2023,"Rp9,500","Rp9,000","Rp9,250"
582,8/5/2023,"Rp9,500","Rp9,000","Rp9,250"
583,8/6/2023,"Rp9,500","Rp9,000","Rp9,250"
584,8/7/2023,"Rp9,500","Rp9,000","Rp9,250"
585,8/8/2023,"Rp9,500","Rp9,000","Rp9,250"
586,8/9/2023,"Rp9,500","Rp9,000","Rp9,250"
587,8/10/2023,"Rp9,500","Rp9,000","Rp9,250"
588,8/11/2023,"Rp9,500","Rp9,000","Rp9,250"
589,8/12/2023,"Rp9,500","Rp9,000","Rp9,250"
590,8/13/2023,"Rp9,500","Rp9,000","Rp9,250"
591,8/14/2023,"Rp9,500","Rp9,000","Rp9,250"
592,8/15/2023,"Rp9,500","Rp9,000","Rp9,250"
593,8/16/2023,"Rp9,500","Rp9,000","Rp9,250"
594,8/17/2023,"Rp9,500","Rp9,000","Rp9,250"
595,8/18/2023,"Rp10,000","Rp9,000","Rp9,500"
596,8/19/2023,"Rp10,000","Rp9,000","Rp9,500"
597,8/20/2023,"Rp10,000","Rp9,000","Rp9,500"
598,8/21/2023,"Rp10,000","Rp9,000","Rp9,500"
599,8/22/2023,"Rp10,000","Rp9,000","Rp9,500"
600,8/23/2023,"Rp10,000","Rp9,000","Rp9,500"
601,8/24/2023,"Rp10,000","Rp9,000","Rp9,500"
602,8/25/2023,"Rp10,000","Rp9,000","Rp9,500"
603,8/26/2023,"Rp10,000","Rp9,000","Rp9,500"
604,8/27/2023,"Rp10,000","Rp9,000","Rp9,500"
605,8/28/2023,"Rp10,000","Rp9,000","Rp9,500"
606,8/29/2023,"Rp10,000","Rp9,000","Rp9,500"
607,8/30/2023,"Rp10,000","Rp9,000","Rp9,500"
608,8/31/2023,"Rp10,000","Rp9,000","Rp9,500"
609,9/1/2023,"Rp10,000","Rp9,000","Rp9,500"
610,9/2/2023,"Rp10,000","Rp9,000","Rp9,500"
611,9/3/2023,"Rp10,000","Rp9,000","Rp9,500"
612,9/4/2023,"Rp10,000","Rp9,000","Rp9,500"
613,9/5/2023,"Rp10,000","Rp10,000","Rp10,000"
614,9/6/2023,"Rp10,000","Rp10,000","Rp10,000"
615,9/7/2023,"Rp10,000","Rp10,000","Rp10,000"
616,9/8/2023,"Rp10,000","Rp10,000","Rp10,000"
617,9/9/2023,"Rp10,000","Rp10,000","Rp10,000"
618,9/10/2023,"Rp10,000","Rp10,000","Rp10,000"
619,9/11/2023,"Rp10,000","Rp10,000","Rp10,000"
620,9/12/2023,"Rp10,000","Rp10,000","Rp10,000"
621,9/13/2023,"Rp10,000","Rp10,000","Rp10,000"
622,9/14/2023,"Rp10,000","Rp10,000","Rp10,000"
623,9/15/2023,"Rp10,000","Rp10,000","Rp10,000"
624,9/16/2023,"Rp10,000","Rp10,000","Rp10,000"
625,9/17/2023,"Rp10,000","Rp10,000","Rp10,000"
626,9/18/2023,"Rp10,000","Rp10,000","Rp10,000"
627,9/19/2023,"Rp10,000","Rp10,000","Rp10,000"
628,9/20/2023,"Rp10,000","Rp10,000","Rp10,000"
629,9/21/2023,"Rp10,000","Rp10,000","Rp10,000"
630,9/22/2023,"Rp10,000","Rp10,000","Rp10,000"
631,9/23/2023,"Rp10,000","Rp10,000","Rp10,000"
632,9/24/2023,"Rp10,000","Rp10,000","Rp10,000"
633,9/25/2023,"Rp10,000","Rp10,000","Rp10,000"
634,9/26/2023,"Rp10,000","Rp10,000","Rp10,000"
635,9/27/2023,"Rp10,000","Rp10,000","Rp10,000"
636,9/28/2023,"Rp10,000","Rp10,000","Rp10,000"
637,9/29/2023,"Rp10,000","Rp10,000","Rp10,000"
638,9/30/2023,"Rp10,000","Rp10,000","Rp10,000"
639,10/1/2023,"Rp10,000","Rp10,000","Rp10,000"
640,10/2/2023,"Rp10,000","Rp10,000","Rp10,000"
641,10/3/2023,"Rp10,000","Rp10,000","Rp10,000"
642,10/4/2023,"Rp10,000","Rp10,000","Rp10,000"
643,10/5/2023,"Rp10,000","Rp10,000","Rp10,000"
644,10/6/2023,"Rp10,000","Rp10,000","Rp10,000"
645,10/7/2023,"Rp10,000","Rp10,000","Rp10,000"
646,10/8/2023,"Rp10,000","Rp10,000","Rp10,000"
647,10/9/2023,"Rp10,000","Rp10,000","Rp10,000"
648,10/10/2023,"Rp10,000","Rp10,000","Rp10,000"
649,10/11/2023,"Rp10,000","Rp10,000","Rp10,000"
650,10/12/2023,"Rp10,000","Rp10,000","Rp10,000"
651,10/13/2023,"Rp10,000","Rp10,000","Rp10,000"
652,10/14/2023,"Rp10,000","Rp10,000","Rp10,000"
653,10/15/2023,"Rp10,000","Rp10,000","Rp10,000"
654,10/16/2023,"Rp10,000","Rp10,000","Rp10,000"
655,10/17/2023,"Rp10,000","Rp10,000","Rp10,000"
656,10/18/2023,"Rp10,000","Rp10,000","Rp10,000"
657,10/19/2023,"Rp10,000","Rp10,000","Rp10,000"
658,10/20/2023,"Rp10,000","Rp10,500","Rp10,250"
659,10/21/2023,"Rp10,000","Rp10,500","Rp10,250"
660,10/22/2023,"Rp10,000","Rp10,500","Rp10,250"
661,10/23/2023,"Rp10,000","Rp10,000","Rp10,000"
662,10/24/2023,"Rp10,000","Rp10,000","Rp10,000"
663,10/25/2023,"Rp10,000","Rp10,000","Rp10,000"
664,10/26/2023,"Rp10,000","Rp10,000","Rp10,000"
665,10/27/2023,"Rp10,000","Rp10,000","Rp10,000"
666,10/28/2023,"Rp10,000","Rp10,000","Rp10,000"
667,10/29/2023,"Rp10,000","Rp10,000","Rp10,000"
668,10/30/2023,"Rp10,000","Rp10,000","Rp10,000"
669,10/31/2023,"Rp10,000","Rp10,000","Rp10,000"
670,11/1/2023,"Rp10,000","Rp10,000","Rp10,000"
671,11/2/2023,"Rp10,000","Rp10,000","Rp10,000"
672,11/3/2023,"Rp10,000","Rp10,000","Rp10,000"
673,11/4/2023,"Rp10,000","Rp10,000","Rp10,000"
674,11/5/2023,"Rp10,000","Rp10,000","Rp10,000"
675,11/6/2023,"Rp10,000","Rp10,000","Rp10,000"
676,11/7/2023,"Rp10,000","Rp10,000","Rp10,000"
677,11/8/2023,"Rp10,000","Rp10,000","Rp10,000"
678,11/9/2023,"Rp10,000","Rp10,000","Rp10,000"
679,11/10/2023,"Rp10,000","Rp10,000","Rp10,000"
680,11/11/2023,"Rp10,000","Rp10,000","Rp10,000"
681,11/12/2023,"Rp10,000","Rp10,000","Rp10,000"
682,11/13/2023,"Rp10,000","Rp10,000","Rp10,000"
683,11/14/2023,"Rp11,000","Rp10,500","Rp10,750"
684,11/15/2023,"Rp11,000","Rp10,500","Rp10,750"
685,11/16/2023,"Rp11,000","Rp10,500","Rp10,750"
686,11/17/2023,"Rp11,000","Rp10,500","Rp10,750"
687,11/18/2023,"Rp11,000","Rp10,500","Rp10,750"
688,11/19/2023,"Rp11,000","Rp10,500","Rp10,750"
689,11/20/2023,"Rp11,000","Rp10,500","Rp10,750"
690,11/21/2023,"Rp11,000","Rp10,500","Rp10,750"
691,11/22/2023,"Rp12,000","Rp10,000","Rp11,000"
692,11/23/2023,"Rp12,000","Rp10,000","Rp11,000"
693,11/24/2023,"Rp12,000","Rp10,000","Rp11,000"
694,11/25/2023,"Rp12,000","Rp10,000","Rp11,000"
695,11/26/2023,"Rp12,000","Rp10,000","Rp11,000"
696,11/27/2023,"Rp12,000","Rp10,000","Rp11,000"
697,11/28/2023,"Rp12,000","Rp10,000","Rp11,000"
698,11/29/2023,"Rp12,000","Rp10,000","Rp11,000"
699,11/30/2023,"Rp12,000","Rp10,000","Rp11,000"
700,12/1/2023,"Rp12,000","Rp10,000","Rp11,000"
701,12/2/2023,"Rp12,000","Rp10,000","Rp11,000"
702,12/3/2023,"Rp12,000","Rp10,000","Rp11,000"
703,12/4/2023,"Rp12,000","Rp10,000","Rp11,000"
704,12/5/2023,"Rp12,000","Rp10,000","Rp11,000"
705,12/6/2023,"Rp12,000","Rp10,000","Rp11,000"
706,12/7/2023,"Rp12,000","Rp10,000","Rp11,000"
707,12/8/2023,"Rp12,000","Rp10,000","Rp11,000"
708,12/9/2023,"Rp12,000","Rp10,000","Rp11,000"
709,12/10/2023,"Rp12,000","Rp10,000","Rp11,000"
710,12/11/2023,"Rp12,000","Rp10,000","Rp11,000"
711,12/12/2023,"Rp12,000","Rp10,000","Rp11,000"
712,12/13/2023,"Rp12,000","Rp10,000","Rp11,000"
713,12/14/2023,"Rp12,000","Rp10,000","Rp11,000"
714,12/15/2023,"Rp12,000","Rp10,000","Rp11,000"
715,12/16/2023,"Rp12,000","Rp10,000","Rp11,000"
716,12/17/2023,"Rp12,000","Rp10,000","Rp11,000"
717,12/18/2023,"Rp12,000","Rp10,000","Rp11,000"
718,12/19/2023,"Rp12,000","Rp10,000","Rp11,000"
719,12/20/2023,"Rp12,000","Rp10,000","Rp11,000"
720,12/21/2023,"Rp12,000","Rp10,000","Rp11,000"
721,12/22/2023,"Rp12,000","Rp10,000","Rp11,000"
722,12/23/2023,"Rp12,000","Rp10,000","Rp11,000"
723,12/24/2023,"Rp12,000","Rp10,000","Rp11,000"
724,12/25/2023,"Rp12,000","Rp10,000","Rp11,000"
725,12/26/2023,"Rp12,000","Rp10,000","Rp11,000"
726,12/27/2023,"Rp12,000","Rp10,000","Rp11,000"
727,12/28/2023,"Rp12,000","Rp10,000","Rp11,000"
728,12/29/2023,"Rp12,000","Rp10,000","Rp11,000"
729,12/30/2023,"Rp12,000","Rp10,000","Rp11,000"
730,12/31/2023,"Rp12,000","Rp10,000","Rp11,000"
731,1/1/2024,"Rp12,000","Rp10,000","Rp11,000"
732,1/2/2024,"Rp12,000","Rp10,000","Rp11,000"
733,1/3/2024,"Rp12,000","Rp10,000","Rp11,000"
734,1/4/2024,"Rp12,000","Rp10,000","Rp11,000"
735,1/5/2024,"Rp12,000","Rp10,000","Rp11,000"
736,1/6/2024,"Rp12,000","Rp10,000","Rp11,000"
737,1/7/2024,"Rp12,000","Rp10,000","Rp11,000"
738,1/8/2024,"Rp12,000","Rp10,000","Rp11,000"
739,1/9/2024,"Rp12,000","Rp10,000","Rp11,000"
740,1/10/2024,"Rp12,000","Rp10,000","Rp11,000"
741,1/11/2024,"Rp12,000","Rp10,000","Rp11,000"
742,1/12/2024,"Rp12,000","Rp10,000","Rp11,000"
743,1/13/2024,"Rp12,000","Rp10,000","Rp11,000"
744,1/14/2024,"Rp12,000","Rp10,000","Rp11,000"
745,1/15/2024,"Rp12,000","Rp10,000","Rp11,000"
746,1/16/2024,"Rp12,000","Rp10,000","Rp11,000"
747,1/17/2024,"Rp12,000","Rp10,000","Rp11,000"
748,1/18/2024,"Rp12,000","Rp10,000","Rp11,000"
749,1/19/2024,"Rp12,000","Rp10,000","Rp11,000"
750,1/20/2024,"Rp12,000","Rp10,000","Rp11,000"
751,1/21/2024,"Rp12,000","Rp10,000","Rp11,000"
752,1/22/2024,"Rp12,000","Rp10,000","Rp11,000"
753,1/23/2024,"Rp12,000","Rp10,000","Rp11,000"
754,1/24/2024,"Rp12,000","Rp10,000","Rp11,000"
755,1/25/2024,"Rp12,000","Rp10,000","Rp11,000"
756,1/26/2024,"Rp12,000","Rp10,000","Rp11,000"
757,1/27/2024,"Rp12,000","Rp10,000","Rp11,000"
758,1/28/2024,"Rp12,000","Rp10,000","Rp11,000"
759,1/29/2024,"Rp12,000","Rp10,000","Rp11,000"
760,1/30/2024,"Rp12,000","Rp10,000","Rp11,000"
761,1/31/2024,"Rp12,000","Rp10,000","Rp11,000"
762,2/1/2024,"Rp12,000","Rp10,000","Rp11,000"
763,2/2/2024,"Rp12,000","Rp10,000","Rp11,000"
764,2/3/2024,"Rp12,000","Rp10,000","Rp11,000"
765,2/4/2024,"Rp12,000","Rp10,000","Rp11,000"
766,2/5/2024,"Rp12,000","Rp10,000","Rp11,000"
767,2/6/2024,"Rp12,000","Rp10,000","Rp11,000"
768,2/7/2024,"Rp12,000","Rp10,000","Rp11,000"
769,2/8/2024,"Rp12,000","Rp10,000","Rp11,000"
770,2/9/2024,"Rp12,000","Rp10,000","Rp11,000"
771,2/10/2024,"Rp12,000","Rp10,000","Rp11,000"
772,2/11/2024,"Rp12,000","Rp10,000","Rp11,000"
773,2/12/2024,"Rp12,000","Rp10,000","Rp11,000"
774,2/13/2024,"Rp12,000","Rp11,000","Rp11,500"
775,2/14/2024,"Rp12,000","Rp11,000","Rp11,500"
776,2/15/2024,"Rp12,000","Rp11,000","Rp11,500"
777,2/16/2024,"Rp12,000","Rp11,000","Rp11,500"
778,2/17/2024,"Rp12,000","Rp11,000","Rp11,500"
779,2/18/2024,"Rp12,000","Rp11,000","Rp11,500"
780,2/19/2024,"Rp12,000","Rp11,000","Rp11,500"
781,2/20/2024,"Rp11,000","Rp10,500","Rp10,750"
782,2/21/2024,"Rp11,000","Rp10,500","Rp10,750"
783,2/22/2024,"Rp11,000","Rp10,500","Rp10,750"
784,2/23/2024,"Rp11,000","Rp10,500","Rp10,750"
785,2/24/2024,"Rp11,000","Rp10,500","Rp10,750"
786,2/25/2024,"Rp11,000","Rp10,500","Rp10,750"
787,2/26/2024,"Rp11,000","Rp10,500","Rp10,750"
788,2/27/2024,"Rp11,000","Rp10,500","Rp10,750"
789,2/28/2024,"Rp10,000","Rp9,000","Rp9,500"
790,2/29/2024,"Rp10,000","Rp9,000","Rp9,500"
791,3/1/2024,"Rp10,000","Rp9,000","Rp9,500"
792,3/2/2024,"Rp10,000","Rp9,000","Rp9,500"
793,3/3/2024,"Rp10,000","Rp9,000","Rp9,500"
794,3/4/2024,"Rp10,000","Rp9,000","Rp9,500"
795,3/5/2024,"Rp10,000","Rp9,000","Rp9,500"
796,3/6/2024,"Rp10,000","Rp9,000","Rp9,500"
797,3/7/2024,"Rp10,000","Rp9,000","Rp9,500"
798,3/8/2024,"Rp8,000","Rp7,000","Rp7,500"
799,3/9/2024,"Rp8,000","Rp7,000","Rp7,500"
800,3/10/2024,"Rp8,000","Rp7,000","Rp7,500"
801,3/11/2024,"Rp8,000","Rp7,000","Rp7,500"
802,3/12/2024,"Rp8,000","Rp7,000","Rp7,500"
803,3/13/2024,"Rp8,000","Rp7,000","Rp7,500"
804,3/14/2024,"Rp8,000","Rp7,000","Rp7,500"
805,3/15/2024,"Rp8,000","Rp7,000","Rp7,500"
806,3/16/2024,"Rp9,000","Rp8,000","Rp8,500"
807,3/17/2024,"Rp9,000","Rp8,000","Rp8,500"
808,3/18/2024,"Rp9,000","Rp8,000","Rp8,500"
809,3/19/2024,"Rp9,000","Rp8,000","Rp8,500"
810,3/20/2024,"Rp9,000","Rp8,000","Rp8,500"
811,3/21/2024,"Rp9,000","Rp8,000","Rp8,500"
812,3/22/2024,"Rp9,000","Rp8,000","Rp8,500"
813,3/23/2024,"Rp9,000","Rp8,000","Rp8,500"
814,3/24/2024,"Rp9,000","Rp8,000","Rp8,500"
815,3/25/2024,"Rp8,000","Rp8,000","Rp8,000"
816,3/26/2024,"Rp8,000","Rp8,000","Rp8,000"
817,3/27/2024,"Rp8,000","Rp8,000","Rp8,000"
818,3/28/2024,"Rp8,000","Rp8,000","Rp8,000"
819,3/29/2024,"Rp8,000","Rp8,000","Rp8,000"
820,3/30/2024,"Rp8,000","Rp8,000","Rp8,000"
821,3/31/2024,"Rp8,000","Rp8,000","Rp8,000"
822,4/1/2024,"Rp8,000","Rp8,000","Rp8,000"
823,4/2/2024,"Rp8,000","Rp8,000","Rp8,000"
824,4/3/2024,"Rp8,000","Rp8,000","Rp8,000"
825,4/4/2024,"Rp8,000","Rp8,000","Rp8,000"
826,4/5/2024,"Rp8,000","Rp8,000","Rp8,000"
827,4/6/2024,"Rp8,000","Rp8,000","Rp8,000"
828,4/7/2024,"Rp8,000","Rp8,000","Rp8,000"
829,4/8/2024,"Rp8,000","Rp8,000","Rp8,000"
830,4/9/2024,"Rp8,000","Rp8,000","Rp8,000"
831,4/10/2024,"Rp8,000","Rp8,000","Rp8,000"
832,4/11/2024,"Rp8,000","Rp8,000","Rp8,000"
833,4/12/2024,"Rp8,000","Rp8,000","Rp8,000"
834,4/13/2024,"Rp8,000","Rp8,000","Rp8,000"
835,4/14/2024,"Rp8,000","Rp8,000","Rp8,000"
836,4/15/2024,"Rp8,500","Rp8,000","Rp8,250"
837,4/16/2024,"Rp8,500","Rp8,000","Rp8,250"
838,4/17/2024,"Rp8,500","Rp8,000","Rp8,250"
839,4/18/2024,"Rp8,500","Rp8,000","Rp8,250"
840,4/19/2024,"Rp8,500","Rp8,000","Rp8,250"
841,4/20/2024,"Rp8,500","Rp8,000","Rp8,250"
842,4/21/2024,"Rp8,500","Rp8,000","Rp8,250"
843,4/22/2024,"Rp8,500","Rp8,000","Rp8,250"
844,4/23/2024,"Rp8,500","Rp8,000","Rp8,250"
845,4/24/2024,"Rp8,000","Rp8,000","Rp8,000"
846,4/25/2024,"Rp8,000","Rp8,000","Rp8,000"
847,4/26/2024,"Rp8,000","Rp8,000","Rp8,000"
848,4/27/2024,"Rp9,000","Rp8,000","Rp8,500"
849,4/28/2024,"Rp9,000","Rp8,000","Rp8,500"
850,4/29/2024,"Rp9,000","Rp8,000","Rp8,500"
851,4/30/2024,"Rp9,000","Rp8,000","Rp8,500"
852,5/1/2024,"Rp9,000","Rp8,000","Rp8,500"
853,5/2/2024,"Rp9,000","Rp8,000","Rp8,500"
854,5/3/2024,"Rp9,000","Rp8,000","Rp8,500"
855,5/4/2024,"Rp9,000","Rp8,000","Rp8,500"
856,5/5/2024,"Rp9,000","Rp8,000","Rp8,500"
857,5/6/2024,"Rp9,000","Rp8,000","Rp8,500"
858,5/7/2024,"Rp9,000","Rp8,000","Rp8,500"
859,5/8/2024,"Rp9,000","Rp8,000","Rp8,500"
860,5/9/2024,"Rp9,000","Rp8,000","Rp8,500"
861,5/10/2024,"Rp9,000","Rp8,000","Rp8,500"
862,5/11/2024,"Rp9,000","Rp8,000","Rp8,500"
863,5/12/2024,"Rp9,000","Rp8,000","Rp8,500"
864,5/13/2024,"Rp9,000","Rp8,000","Rp8,500"
865,5/14/2024,"Rp9,000","Rp8,000","Rp8,500"
866,5/15/2024,"Rp9,000","Rp8,000","Rp8,500"
867,5/16/2024,"Rp9,000","Rp8,000","Rp8,500"
868,5/17/2024,"Rp9,000","Rp8,000","Rp8,500"
869,5/18/2024,"Rp9,000","Rp8,000","Rp8,500"
870,5/19/2024,"Rp9,000","Rp8,000","Rp8,500"
871,5/20/2024,"Rp9,000","Rp8,000","Rp8,500"
872,5/21/2024,"Rp9,000","Rp8,000","Rp8,500"
873,5/22/2024,"Rp9,000","Rp8,000","Rp8,500"
874,5/23/2024,"Rp9,000","Rp8,000","Rp8,500"
875,5/24/2024,"Rp9,000","Rp8,000","Rp8,500"
876,5/25/2024,"Rp9,000","Rp8,000","Rp8,500"
877,5/26/2024,"Rp9,000","Rp8,000","Rp8,500"
878,5/27/2024,"Rp9,000","Rp8,000","Rp8,500"
879,5/28/2024,"Rp9,000","Rp8,000","Rp8,500"
880,5/29/2024,"Rp9,000","Rp8,000","Rp8,500"
881,5/30/2024,"Rp9,000","Rp8,000","Rp8,500"
882,5/31/2024,"Rp9,000","Rp8,000","Rp8,500"
883,6/1/2024,"Rp9,000","Rp8,000","Rp8,500"
884,6/2/2024,"Rp9,000","Rp8,000","Rp8,500"
885,6/3/2024,"Rp9,000","Rp8,000","Rp8,500"
886,6/4/2024,"Rp9,000","Rp8,000","Rp8,500"
887,6/5/2024,"Rp9,000","Rp8,000","Rp8,500"
888,6/6/2024,"Rp9,000","Rp8,000","Rp8,500"
889,6/7/2024,"Rp9,000","Rp8,000","Rp8,500"
890,6/8/2024,"Rp9,000","Rp8,000","Rp8,500"
891,6/9/2024,"Rp9,000","Rp8,000","Rp8,500"
892,6/10/2024,"Rp9,000","Rp8,000","Rp8,500"
893,6/11/2024,"Rp9,000","Rp8,000","Rp8,500"
894,6/12/2024,"Rp9,000","Rp8,000","Rp8,500"
895,6/13/2024,"Rp9,000","Rp8,000","Rp8,500"
896,6/14/2024,"Rp9,000","Rp8,000","Rp8,500"
897,6/15/2024,"Rp9,000","Rp8,000","Rp8,500"
898,6/16/2024,"Rp9,000","Rp8,000","Rp8,500"
899,6/17/2024,"Rp9,000","Rp8,000","Rp8,500"
900,6/18/2024,"Rp9,000","Rp8,000","Rp8,500"
901,6/19/2024,"Rp9,000","Rp8,000","Rp8,500"
902,6/20/2024,"Rp9,000","Rp8,000","Rp8,500"
903,6/21/2024,"Rp9,000","Rp8,000","Rp8,500"
904,6/22/2024,"Rp9,000","Rp8,000","Rp8,500"
905,6/23/2024,"Rp9,000","Rp8,000","Rp8,500"
906,6/24/2024,"Rp9,000","Rp8,000","Rp8,500"
907,6/25/2024,"Rp9,000","Rp8,000","Rp8,500"
908,6/26/2024,"Rp9,000","Rp8,000","Rp8,500"
909,6/27/2024,"Rp9,000","Rp8,000","Rp8,500"
910,6/28/2024,"Rp9,000","Rp8,000","Rp8,500"
911,6/29/2024,"Rp9,000","Rp8,000","Rp8,500"
912,6/30/2024,"Rp9,000","Rp8,000","Rp8,500"
913,7/1/2024,"Rp9,000","Rp8,000","Rp8,500"
914,7/2/2024,"Rp9,000","Rp8,000","Rp8,500"
915,7/3/2024,"Rp9,000","Rp8,000","Rp8,500"
916,7/4/2024,"Rp9,000","Rp8,000","Rp8,500"
917,7/5/2024,"Rp9,000","Rp8,000","Rp8,500"
918,7/6/2024,"Rp9,000","Rp8,000","Rp8,500"
919,7/7/2024,"Rp9,000","Rp8,000","Rp8,500"
920,7/8/2024,"Rp9,000","Rp8,000","Rp8,500"
921,7/9/2024,"Rp9,000","Rp8,000","Rp8,500"
922,7/10/2024,"Rp9,000","Rp8,000","Rp8,500"
923,7/11/2024,"Rp9,000","Rp8,000","Rp8,500"
924,7/12/2024,"Rp9,000","Rp8,000","Rp8,500"
925,7/13/2024,"Rp9,000","Rp8,000","Rp8,500"
926,7/14/2024,"Rp9,000","Rp8,000","Rp8,500"
927,7/15/2024,"Rp9,000","Rp8,000","Rp8,500"
928,7/16/2024,"Rp9,000","Rp8,000","Rp8,500"
929,7/17/2024,"Rp9,000","Rp8,000","Rp8,500"
930,7/18/2024,"Rp9,000","Rp8,000","Rp8,500"
931,7/19/2024,"Rp9,000","Rp8,000","Rp8,500"
932,7/20/2024,"Rp9,000","Rp8,000","Rp8,500"
933,7/21/2024,"Rp9,000","Rp8,000","Rp8,500"
934,7/22/2024,"Rp9,000","Rp8,000","Rp8,500"
935,7/23/2024,"Rp9,000","Rp8,000","Rp8,500"
936,7/24/2024,"Rp9,000","Rp8,000","Rp8,500"
937,7/25/2024,"Rp9,000","Rp8,000","Rp8,500"
938,7/26/2024,"Rp9,000","Rp8,000","Rp8,500"
939,7/27/2024,"Rp9,000","Rp8,000","Rp8,500"
940,7/28/2024,"Rp9,000","Rp8,000","Rp8,500"
941,7/29/2024,"Rp10,000","Rp8,000","Rp9,000"
942,7/30/2024,"Rp10,000","Rp8,000","Rp9,000"
943,7/31/2024,"Rp10,000","Rp8,000","Rp9,000"
944,8/1/2024,"Rp10,000","Rp8,000","Rp9,000"
945,8/2/2024,"Rp10,000","Rp8,000","Rp9,000"
946,8/3/2024,"Rp10,000","Rp8,000","Rp9,000"
947,8/4/2024,"Rp10,000","Rp8,000","Rp9,000"
948,8/5/2024,"Rp10,000","Rp8,000","Rp9,000"
949,8/6/2024,"Rp10,000","Rp8,000","Rp9,000"
950,8/7/2024,"Rp10,000","Rp8,000","Rp9,000"
951,8/8/2024,"Rp10,000","Rp8,000","Rp9,000"
952,8/9/2024,"Rp10,000","Rp8,000","Rp9,000"
953,8/10/2024,"Rp10,000","Rp8,000","Rp9,000"
954,8/11/2024,"Rp10,000","Rp8,000","Rp9,000"
955,8/12/2024,"Rp10,000","Rp8,000","Rp9,000"
956,8/13/2024,"Rp10,000","Rp8,000","Rp9,000"
957,8/14/2024,"Rp10,000","Rp8,000","Rp9,000"
958,8/15/2024,"Rp10,000","Rp8,000","Rp9,000"
959,8/16/2024,"Rp10,000","Rp8,000","Rp9,000"
960,8/17/2024,"Rp10,000","Rp8,000","Rp9,000"
961,8/18/2024,"Rp10,000","Rp8,000","Rp9,000"
962,8/19/2024,"Rp10,000","Rp8,000","Rp9,000"
963,8/20/2024,"Rp10,000","Rp8,000","Rp9,000"
964,8/21/2024,"Rp10,000","Rp8,000","Rp9,000"
965,8/22/2024,"Rp10,000","Rp8,000","Rp9,000"
966,8/23/2024,"Rp10,000","Rp8,000","Rp9,000"
967,8/24/2024,"Rp10,000","Rp8,000","Rp9,000"
968,8/25/2024,"Rp10,000","Rp8,000","Rp9,000"
969,8/26/2024,"Rp10,000","Rp8,000","Rp9,000"
970,8/27/2024,"Rp10,000","Rp8,000","Rp9,000"
971,8/28/2024,"Rp10,000","Rp8,000","Rp9,000"
972,8/29/2024,"Rp10,000","Rp8,000","Rp9,000"
973,8/30/2024,"Rp10,000","Rp8,000","Rp9,000"
974,8/31/2024,"Rp10,000","Rp8,000","Rp9,000"
975,9/1/2024,"Rp10,000","Rp8,000","Rp9,000"
976,9/2/2024,"Rp10,000","Rp8,000","Rp9,000"
977,9/3/2024,"Rp10,000","Rp8,000","Rp9,000"
978,9/4/2024,"Rp10,000","Rp8,000","Rp9,000"
979,9/5/2024,"Rp10,000","Rp8,000","Rp9,000"
980,9/6/2024,"Rp10,000","Rp8,000","Rp9,000"
981,9/7/2024,"Rp10,000","Rp8,000","Rp9,000"
982,9/8/2024,"Rp10,000","Rp8,000","Rp9,000"
983,9/9/2024,"Rp10,000","Rp8,000","Rp9,000"
984,9/10/2024,"Rp10,000","Rp8,000","Rp9,000"
985,9/11/2024,"Rp10,000","Rp8,000","Rp9,000"
986,9/12/2024,"Rp10,000","Rp8,000","Rp9,000"
987,9/13/2024,"Rp10,000","Rp8,000","Rp9,000"
988,9/14/2024,"Rp10,000","Rp8,000","Rp9,000"
989,9/15/2024,"Rp10,000","Rp8,000","Rp9,000"
990,9/16/2024,"Rp10,000","Rp8,000","Rp9,000"
991,9/17/2024,"Rp10,000","Rp8,000","Rp9,000"
992,9/18/2024,"Rp10,000","Rp8,000","Rp9,000"
993,9/19/2024,"Rp10,000","Rp8,000","Rp9,000"
994,9/20/2024,"Rp10,000","Rp8,000","Rp9,000"
995,9/21/2024,"Rp10,000","Rp8,000","Rp9,000"
996,9/22/2024,"Rp10,000","Rp8,000","Rp9,000"
997,9/23/2024,"Rp10,000","Rp8,000","Rp9,000"
998,9/24/2024,"Rp10,000","Rp8,000","Rp9,000"
999,9/25/2024,"Rp10,000","Rp8,000","Rp9,000"
1000,9/26/2024,"Rp10,000","Rp8,000","Rp9,000"
1001,9/27/2024,"Rp10,000","Rp8,000","Rp9,000"
1002,9/28/2024,"Rp10,000","Rp8,000","Rp9,000"
1003,9/29/2024,"Rp10,000","Rp8,000","Rp9,000"
1004,9/30/2024,"Rp10,000","Rp8,000","Rp9,000"
1005,10/1/2024,"Rp10,000","Rp8,000","Rp9,000"
1006,10/2/2024,"Rp10,000","Rp8,000","Rp9,000"
1007,10/3/2024,"Rp10,000","Rp8,000","Rp9,000"
1008,10/4/2024,"Rp10,000","Rp8,000","Rp9,000"
1009,10/5/2024,"Rp10,000","Rp8,000","Rp9,000"
1010,10/6/2024,"Rp10,000","Rp8,000","Rp9,000"
1011,10/7/2024,"Rp10,000","Rp8,000","Rp9,000"
1012,10/8/2024,"Rp10,000","Rp8,000","Rp9,000"
1013,10/9/2024,"Rp10,000","Rp8,000","Rp9,000"
1014,10/10/2024,"Rp10,000","Rp8,000","Rp9,000"
1015,10/11/2024,"Rp9,000","Rp8,000","Rp8,500"
1016,10/12/2024,"Rp9,000","Rp8,000","Rp8,500"
1017,10/13/2024,"Rp9,000","Rp8,000","Rp8,500"
1018,10/14/2024,"Rp9,000","Rp8,000","Rp8,500"
1019,10/15/2024,"Rp9,000","Rp8,000","Rp8,500"
1020,10/16/2024,"Rp9,000","Rp8,000","Rp8,500"
1021,10/17/2024,"Rp9,000","Rp8,000","Rp8,500"
1022,10/18/2024,"Rp9,000","Rp8,000","Rp8,500"
1023,10/19/2024,"Rp9,000","Rp8,000","Rp8,500"
1024,10/20/2024,"Rp9,000","Rp8,000","Rp8,500"
1025,10/21/2024,"Rp9,000","Rp8,000","Rp8,500"
1026,10/22/2024,"Rp9,000","Rp8,000","Rp8,500"
1027,10/23/2024,"Rp9,000","Rp8,000","Rp8,500"
1028,10/24/2024,"Rp9,000","Rp8,000","Rp8,500"
1029,10/25/2024,"Rp9,000","Rp8,000","Rp8,500"
1030,10/26/2024,"Rp9,000","Rp8,000","Rp8,500"
1031,10/27/2024,"Rp9,000","Rp8,000","Rp8,500"
1032,10/28/2024,"Rp9,000","Rp8,000","Rp8,500"
1033,10/29/2024,"Rp9,000","Rp8,000","Rp8,500"
1034,10/30/2024,"Rp9,000","Rp8,000","Rp8,500"
1035,10/31/2024,"Rp9,000","Rp8,000","Rp8,500"
1036,11/1/2024,"Rp9,000","Rp8,000","Rp8,500"
1037,11/2/2024,"Rp9,000","Rp8,000","Rp8,500"
1038,11/3/2024,"Rp9,000","Rp8,000","Rp8,500"
1039,11/4/2024,"Rp9,000","Rp8,000","Rp8,500"
1040,11/5/2024,"Rp9,000","Rp8,000","Rp8,500"
1041,11/6/2024,"Rp9,000","Rp8,000","Rp8,500"
1042,11/7/2024,"Rp9,000","Rp8,000","Rp8,500"
1043,11/8/2024,"Rp9,000","Rp8,000","Rp8,500"
1044,11/9/2024,"Rp9,000","Rp8,000","Rp8,500"
1045,11/10/2024,"Rp9,000","Rp8,000","Rp8,500"
1046,11/11/2024,"Rp9,000","Rp8,000","Rp8,500"
1047,11/12/2024,"Rp9,000","Rp8,000","Rp8,500"
1048,11/13/2024,"Rp9,000","Rp8,000","Rp8,500"
1049,11/14/2024,"Rp9,000","Rp8,000","Rp8,500"
1050,11/15/2024,"Rp9,000","Rp8,000","Rp8,500"
1051,11/16/2024,"Rp9,000","Rp8,000","Rp8,500"
1052,11/17/2024,"Rp9,000","Rp8,000","Rp8,500"
1053,11/18/2024,"Rp9,000","Rp8,000","Rp8,500"
1054,11/19/2024,"Rp9,000","Rp8,000","Rp8,500"
1055,11/20/2024,"Rp9,000","Rp8,000","Rp8,500"
1056,11/21/2024,"Rp9,000","Rp8,000","Rp8,500"
1057,11/22/2024,"Rp9,000","Rp8,000","Rp8,500"
1058,11/23/2024,"Rp9,000","Rp8,000","Rp8,500"
1059,11/24/2024,"Rp9,000","Rp8,000","Rp8,500"
1060,11/25/2024,"Rp9,000","Rp8,000","Rp8,500"
1061,11/26/2024,"Rp9,000","Rp8,000","Rp8,500"
1062,11/27/2024,"Rp9,000","Rp8,000","Rp8,500"
1063,11/28/2024,"Rp9,000","Rp8,000","Rp8,500"
1064,11/29/2024,"Rp9,000","Rp8,000","Rp8,500"
1065,11/30/2024,"Rp9,000","Rp8,000","Rp8,500"
1066,12/1/2024,"Rp9,000","Rp8,000","Rp8,500"
1067,12/2/2024,"Rp9,000","Rp8,000","Rp8,500"
1068,12/3/2024,"Rp9,000","Rp8,000","Rp8,500"
1069,12/4/2024,"Rp9,000","Rp8,000","Rp8,500"
1070,12/5/2024,"Rp9,000","Rp8,000","Rp8,500"
1071,12/6/2024,"Rp9,000","Rp8,000","Rp8,500"
1072,12/7/2024,"Rp9,000","Rp8,000","Rp8,500"
1073,12/8/2024,"Rp9,000","Rp8,000","Rp8,500"
1074,12/9/2024,"Rp9,000","Rp8,000","Rp8,500"
1075,12/10/2024,"Rp9,000","Rp8,000","Rp8,500"
1076,12/11/2024,"Rp9,000","Rp8,000","Rp8,500"
1077,12/12/2024,"Rp9,000","Rp8,000","Rp8,500"
1078,12/13/2024,"Rp9,000","Rp8,000","Rp8,500"
1079,12/14/2024,"Rp9,000","Rp8,000","Rp8,500"
1080,12/15/2024,"Rp9,000","Rp8,000","Rp8,500"
1081,12/16/2024,"Rp9,000","Rp8,000","Rp8,500"
1082,12/17/2024,"Rp9,000","Rp8,000","Rp8,500"
1083,12/18/2024,"Rp9,000","Rp8,000","Rp8,500"
1084,12/19/2024,"Rp9,000","Rp8,000","Rp8,500"
1085,12/20/2024,"Rp9,000","Rp8,000","Rp8,500"
1086,12/21/2024,"Rp9,000","Rp8,000","Rp8,500"
1087,12/22/2024,"Rp9,000","Rp8,000","Rp8,500"
1088,12/23/2024,"Rp9,000","Rp8,000","Rp8,500"
1089,12/24/2024,"Rp9,000","Rp8,000","Rp8,500"
1090,12/25/2024,"Rp9,000","Rp8,000","Rp8,500"
1091,12/26/2024,"Rp9,000","Rp8,000","Rp8,500"
1092,12/27/2024,"Rp9,000","Rp8,000","Rp8,500"
1093,12/28/2024,"Rp9,000","Rp8,000","Rp8,500"
1094,12/29/2024,"Rp9,000","Rp8,000","Rp8,500"
1095,12/30/2024,"Rp9,000","Rp8,000","Rp8,500"
1096,12/31/2024,"Rp9,000","Rp8,000","Rp8,500"